image_name,class_id,confidence_score,x_min,y_min,x_max,y_max
VAIPE_P_2_13.jpg,68,0.8788,2088,233,3113,1351
VAIPE_P_2_13.jpg,44,0.894098,1729,2087,2256,2654
VAIPE_P_2_13.jpg,79,0.909995,2522,1572,3633,2210
VAIPE_P_2_13.jpg,29,0.913737,795,1065,1662,1693
VAIPE_P_2_9.jpg,41,0.585696,1375,1869,1648,2196
VAIPE_P_2_9.jpg,64,0.840321,2178,1777,2656,2215
VAIPE_P_2_9.jpg,64,0.852398,1669,1682,2140,2147
VAIPE_P_2_5.jpg,41,0.851644,1866,2232,2148,2512
VAIPE_P_2_5.jpg,64,0.85984,874,851,1210,1156
VAIPE_P_2_5.jpg,64,0.888859,1605,1796,1959,2124
VAIPE_P_2_1.jpg,65,0.552981,734,3055,1292,3645
VAIPE_P_2_1.jpg,64,0.814263,736,3054,1287,3648
VAIPE_P_2_1.jpg,64,0.860382,1289,1804,1818,2322
VAIPE_P_2_10.jpg,64,0.861188,1759,2244,2299,2795
VAIPE_P_2_10.jpg,41,0.869473,1282,2041,1671,2476
VAIPE_P_2_10.jpg,64,0.876831,892,1640,1413,2141
VAIPE_P_3_3.jpg,22,0.904487,345,647,447,750
VAIPE_P_3_3.jpg,62,0.904772,469,261,657,586
VAIPE_P_3_3.jpg,11,0.906572,260,704,366,811
VAIPE_P_3_3.jpg,99,0.925332,456,782,578,915
VAIPE_P_3_3.jpg,26,0.926902,166,584,354,784
VAIPE_P_0_16.jpg,56,0.865989,1121,1671,1646,2261
VAIPE_P_6_0.jpg,61,0.925864,2749,1555,3704,2579
VAIPE_P_6_0.jpg,89,0.932929,2348,907,3362,1396
VAIPE_P_6_0.jpg,61,0.942295,1574,1009,2684,1838
VAIPE_P_6_0.jpg,89,0.94677,2459,1354,3288,2296
VAIPE_P_8_2.jpg,45,0.879282,1220,2452,1518,2744
VAIPE_P_8_2.jpg,38,0.89647,923,2001,1243,2601
VAIPE_P_8_2.jpg,54,0.91873,1257,2016,1734,2481
VAIPE_P_1_3.jpg,51,0.889552,1398,1185,1589,1374
VAIPE_P_1_3.jpg,104,0.894799,443,1562,1038,1856
VAIPE_P_1_3.jpg,104,0.903995,1366,1612,1633,1958
VAIPE_P_1_3.jpg,29,0.908213,984,1875,1459,2119
VAIPE_P_1_3.jpg,104,0.927125,1068,1438,1407,1707
VAIPE_P_8_3.jpg,45,0.847818,1392,2056,1721,2367
VAIPE_P_8_3.jpg,38,0.877879,760,1995,1388,2319
VAIPE_P_8_3.jpg,54,0.907683,1061,1563,1555,2030
VAIPE_P_6_3.jpg,37,0.869514,2191,1646,2531,2028
VAIPE_P_6_3.jpg,95,0.877751,2045,1220,2433,1611
VAIPE_P_6_3.jpg,65,0.905615,1838,1810,2286,2263
VAIPE_P_6_3.jpg,93,0.910194,1699,1389,2206,1881
VAIPE_P_0_0.jpg,37,0.878094,1471,2366,1709,2708
VAIPE_P_0_0.jpg,8,0.892296,2081,1579,2416,2054
VAIPE_P_8_4.jpg,54,0.892552,1695,1057,2179,1524
VAIPE_P_2_6.jpg,64,0.876052,884,2354,1421,2882
VAIPE_P_2_6.jpg,41,0.878132,1272,1724,1617,2095
VAIPE_P_2_6.jpg,64,0.889485,817,1591,1311,2065
VAIPE_P_3_0.jpg,64,0.768083,1889,1795,2277,2030
VAIPE_P_3_0.jpg,79,0.867841,1147,2303,1446,2849
VAIPE_P_3_0.jpg,64,0.925017,1261,1942,1619,2324
VAIPE_P_2_8.jpg,64,0.863991,1057,1917,1454,2294
VAIPE_P_2_8.jpg,64,0.876373,1741,2136,2166,2548
VAIPE_P_2_11.jpg,64,0.835724,1541,2335,2023,2802
VAIPE_P_2_11.jpg,64,0.845422,1237,1502,1661,1915
VAIPE_P_9_0.jpg,62,0.804159,1324,1984,1879,2588
VAIPE_P_9_0.jpg,62,0.883346,805,2006,1521,2291
VAIPE_P_9_0.jpg,62,0.884327,742,2241,1415,2713
VAIPE_P_2_0.jpg,41,0.858201,1304,1365,1635,1701
VAIPE_P_2_0.jpg,64,0.867562,861,1229,1316,1670
VAIPE_P_2_0.jpg,64,0.875618,1038,935,1462,1315
VAIPE_P_8_1.jpg,54,0.86262,1686,1144,2180,1641
VAIPE_P_0_4.jpg,56,0.866717,1408,1730,1894,2307
VAIPE_P_3_2.jpg,79,0.893601,725,2577,1315,2920
VAIPE_P_3_2.jpg,64,0.907154,1778,1600,2208,2018
VAIPE_P_3_2.jpg,64,0.908883,1318,1974,1737,2392
VAIPE_P_8_6.jpg,45,0.438233,1208,1701,1705,2152
VAIPE_P_8_6.jpg,45,0.84415,1544,2062,1843,2346
VAIPE_P_8_6.jpg,38,0.87,963,2132,1542,2518
VAIPE_P_8_6.jpg,54,0.916736,1200,1688,1703,2161
VAIPE_P_0_14.jpg,56,0.892619,1219,2004,1775,2349
VAIPE_P_6_2.jpg,61,0.920726,1688,1571,2093,2466
VAIPE_P_6_2.jpg,89,0.925701,626,2107,1408,2478
VAIPE_P_6_2.jpg,61,0.929955,640,2579,1384,3377
VAIPE_P_6_2.jpg,89,0.937405,1352,2906,1874,3686
VAIPE_P_1_2.jpg,91,0.906763,1246,2097,1936,2719
VAIPE_P_1_2.jpg,43,0.93439,748,1661,1578,2254
VAIPE_P_1_2.jpg,43,0.940904,915,1842,1770,2551
VAIPE_P_1_4.jpg,86,0.897794,314,767,414,866
VAIPE_P_1_4.jpg,90,0.898933,497,854,644,933
VAIPE_P_1_4.jpg,22,0.899445,353,682,446,774
VAIPE_P_1_4.jpg,26,0.90097,161,704,302,908
VAIPE_P_1_4.jpg,104,0.917188,160,547,442,724
VAIPE_P_0_9.jpg,37,0.872042,1380,1596,1605,1908
VAIPE_P_0_9.jpg,8,0.890413,1014,2464,1308,2943
VAIPE_P_2_12.jpg,51,0.694696,2199,2210,2781,2809
VAIPE_P_2_12.jpg,47,0.804414,1938,1226,2399,1717
VAIPE_P_2_12.jpg,30,0.817085,2829,1517,3316,2028
VAIPE_P_2_12.jpg,10,0.857415,2983,873,3772,1446
VAIPE_P_2_12.jpg,19,0.864133,917,1165,1782,2013
VAIPE_P_0_10.jpg,56,0.878724,1104,1848,1707,2467
VAIPE_P_0_7.jpg,8,0.405188,1150,2141,1504,2567
VAIPE_P_0_7.jpg,37,0.783163,1145,2138,1497,2581
VAIPE_P_0_7.jpg,8,0.882859,1449,1880,1815,2512
VAIPE_P_2_2.jpg,64,0.843381,804,743,1160,1054
VAIPE_P_2_2.jpg,41,0.853544,1867,2222,2165,2535
VAIPE_P_2_2.jpg,64,0.87551,1123,2311,1551,2745
VAIPE_P_8_0.jpg,45,0.681218,1062,2056,1493,2469
VAIPE_P_8_0.jpg,45,0.823955,727,2060,1037,2339
VAIPE_P_8_0.jpg,54,0.886966,1057,2047,1495,2470
VAIPE_P_8_0.jpg,38,0.887287,954,1650,1348,2119
VAIPE_P_0_6.jpg,56,0.875531,734,2472,1309,2994
VAIPE_P_8_7.jpg,54,0.893265,1942,997,2422,1459
VAIPE_P_5_0.jpg,61,0.92337,1020,2639,1672,3400
VAIPE_P_5_0.jpg,89,0.930474,1625,2205,2321,2682
VAIPE_P_5_0.jpg,61,0.933116,1933,1404,2384,2228
VAIPE_P_5_0.jpg,89,0.933289,1622,2752,2244,3384
VAIPE_P_0_2.jpg,37,0.81225,1324,2349,1647,2756
VAIPE_P_0_2.jpg,8,0.886918,768,1901,1304,2308
VAIPE_P_0_3.jpg,56,0.865502,1306,1913,1880,2334
VAIPE_P_6_1.jpg,61,0.901489,772,2099,1116,2912
VAIPE_P_6_1.jpg,89,0.923691,1113,3200,1788,3638
VAIPE_P_6_1.jpg,61,0.924968,2110,2178,2579,2946
VAIPE_P_6_1.jpg,89,0.952275,1506,2676,2048,3279
VAIPE_P_6_5.jpg,73,0.848263,1411,1304,1594,1464
VAIPE_P_6_5.jpg,7,0.868924,1226,1344,1431,1517
VAIPE_P_6_5.jpg,7,0.876802,1679,1262,1876,1447
VAIPE_P_6_5.jpg,29,0.899321,1418,853,1706,1255
VAIPE_P_6_5.jpg,104,0.899887,1283,1431,1859,1686
VAIPE_P_0_17.jpg,37,0.870665,1529,2477,1933,2756
VAIPE_P_0_17.jpg,8,0.879199,825,1836,1404,2090
VAIPE_P_0_13.jpg,37,0.791581,1144,2207,1466,2406
VAIPE_P_0_13.jpg,8,0.894101,2095,2206,2353,2656
VAIPE_P_4_0.jpg,61,0.905186,739,2453,1051,3237
VAIPE_P_4_0.jpg,89,0.929921,1320,1842,1761,2455
VAIPE_P_4_0.jpg,61,0.937311,2057,2445,2596,3165
VAIPE_P_4_0.jpg,89,0.947074,999,3574,1681,3999
VAIPE_P_2_7.jpg,41,0.845258,1754,1313,2048,1593
VAIPE_P_2_7.jpg,64,0.865969,929,1624,1274,1961
VAIPE_P_2_7.jpg,64,0.885064,1221,1525,1587,1889
VAIPE_P_1_0.jpg,70,0.858679,607,2826,1019,3252
VAIPE_P_1_0.jpg,91,0.929098,548,2228,1252,2626
VAIPE_P_1_0.jpg,43,0.937237,1091,2223,1571,3117
VAIPE_P_1_0.jpg,43,0.946415,1417,2192,1899,3067
VAIPE_P_7_0.jpg,43,0.920618,608,1827,1015,2787
VAIPE_P_7_0.jpg,2,0.934128,949,1784,1310,2608
VAIPE_P_7_0.jpg,2,0.940322,1266,1893,1795,2726
VAIPE_P_7_0.jpg,43,0.950757,598,2447,1528,3201
VAIPE_P_9_3.jpg,62,0.867059,1300,2109,1773,2400
VAIPE_P_9_3.jpg,62,0.879963,1111,1909,1376,2415
VAIPE_P_9_3.jpg,62,0.88982,1343,1907,1841,2125
VAIPE_P_0_8.jpg,56,0.886248,847,1654,1397,2054
VAIPE_P_2_4.jpg,64,0.781224,1919,2407,2473,2919
VAIPE_P_2_4.jpg,41,0.855538,1186,2140,1607,2613
VAIPE_P_2_4.jpg,64,0.858555,716,1795,1287,2350
VAIPE_P_2_3.jpg,41,0.798186,1280,1907,1699,2261
VAIPE_P_2_3.jpg,64,0.861918,2044,1886,2576,2408
VAIPE_P_2_3.jpg,64,0.86648,804,1609,1323,2095
VAIPE_P_7_3.jpg,38,0.836645,666,1811,1138,2076
VAIPE_P_7_3.jpg,79,0.864403,714,907,1201,1188
VAIPE_P_7_3.jpg,86,0.877852,1315,1471,1740,1882
VAIPE_P_7_3.jpg,30,0.885625,1200,992,1607,1391
VAIPE_P_7_3.jpg,86,0.887911,163,944,580,1349
VAIPE_P_7_3.jpg,106,0.90766,488,1314,1039,1853
VAIPE_P_0_15.jpg,37,0.862157,1648,2337,1922,2707
VAIPE_P_0_15.jpg,8,0.898644,705,2044,1045,2573
VAIPE_P_9_4.jpg,51,0.868688,2548,639,2982,1087
VAIPE_P_9_4.jpg,51,0.886012,2945,1465,3397,1913
VAIPE_P_9_4.jpg,106,0.90207,1595,427,2253,1311
VAIPE_P_9_4.jpg,78,0.907667,2158,1743,2805,2423
VAIPE_P_9_4.jpg,99,0.91734,1308,1830,2043,2894
VAIPE_P_8_5.jpg,54,0.88141,1120,1202,1602,1681
VAIPE_P_0_18.jpg,56,0.861077,1058,1606,1450,2186
VAIPE_P_0_1.jpg,37,0.741315,1284,1761,1678,2125
VAIPE_P_0_1.jpg,8,0.927027,1701,2862,2261,3393
VAIPE_P_7_1.jpg,75,0.932265,1419,1405,1833,1849
VAIPE_P_7_1.jpg,2,0.935461,264,1944,1143,2609
VAIPE_P_7_1.jpg,43,0.939762,520,1703,1425,2422
VAIPE_P_7_1.jpg,2,0.940063,654,1365,1498,1761
VAIPE_P_7_1.jpg,43,0.958532,1034,1636,1909,2410
VAIPE_P_7_2.jpg,95,0.898194,1983,1394,2332,1721
VAIPE_P_7_2.jpg,64,0.923168,1362,1103,1840,1587
VAIPE_P_7_2.jpg,26,0.933334,2177,1679,2902,2461
VAIPE_P_7_2.jpg,73,0.934432,2988,1910,3616,2504
VAIPE_P_7_2.jpg,79,0.935,2984,1050,3619,1682
VAIPE_P_7_2.jpg,74,0.936965,2411,765,2856,1180
VAIPE_P_0_12.jpg,8,0.842448,1216,2173,1804,2625
VAIPE_P_0_12.jpg,37,0.850599,1296,1164,1690,1433
VAIPE_P_9_5.jpg,84,0.862996,1165,674,1778,1285
VAIPE_P_9_5.jpg,79,0.863405,2912,726,3749,1200
VAIPE_P_9_5.jpg,48,0.890017,2081,15,2516,862
VAIPE_P_9_5.jpg,45,0.893313,2354,1260,2735,1644
VAIPE_P_9_5.jpg,45,0.914876,2416,2145,2794,2542
VAIPE_P_0_5.jpg,56,0.882226,1442,1972,2058,2466
VAIPE_P_6_4.jpg,29,0.888423,1177,1249,1437,1527
VAIPE_P_6_4.jpg,7,0.89405,1695,394,1931,669
VAIPE_P_6_4.jpg,7,0.899182,2239,695,2492,964
VAIPE_P_6_4.jpg,89,0.920315,1954,2411,2699,2860
VAIPE_P_6_4.jpg,29,0.930438,3341,372,3843,1150
VAIPE_P_6_4.jpg,68,0.949572,1652,852,2492,1685
VAIPE_P_9_2.jpg,62,0.797079,1231,1143,1652,1752
VAIPE_P_9_2.jpg,62,0.825153,1541,1299,2100,1695
VAIPE_P_9_2.jpg,62,0.870454,1900,1565,2511,1889
VAIPE_P_1_1.jpg,91,0.915651,1204,1962,1651,2700
VAIPE_P_1_1.jpg,43,0.940289,842,1829,1367,2821
VAIPE_P_1_1.jpg,43,0.951269,719,2576,1711,3326
VAIPE_P_0_11.jpg,56,0.888087,1211,1935,1905,2374
VAIPE_P_3_1.jpg,79,0.856924,1135,1670,1687,1984
VAIPE_P_3_1.jpg,64,0.915645,1683,2025,2096,2431
VAIPE_P_3_1.jpg,64,0.920183,1229,2394,1637,2800
VAIPE_P_9_1.jpg,62,0.882962,1033,2423,1373,3098
VAIPE_P_9_1.jpg,62,0.885792,448,2890,1141,3237
VAIPE_P_9_1.jpg,62,0.886869,701,2265,1157,2927
VAIPE_P_5_1.jpg,14,0.823752,2099,515,2480,990
VAIPE_P_5_1.jpg,14,0.844279,2391,874,2800,1254
VAIPE_P_5_1.jpg,84,0.87454,1683,2394,2146,2861
VAIPE_P_5_1.jpg,92,0.889712,2025,1078,2479,1917
VAIPE_P_5_1.jpg,104,0.897923,661,1202,1556,1976
VAIPE_P_5_1.jpg,16,0.898505,3000,1107,3749,2233
